﻿<?xml version="1.0" encoding="UTF-8" standalone="yes"?>
<addon id="repository.pikachu" name="Demonstration repository" version="2.0" provider-name="pikachu">
	<extension point="xbmc.addon.repository" name="Repositorio Pikachu">
		<info compressed="false">http://raw.github.com/repopikachu/repository.pika/master/addons.xml</info>
		<checksum>http://raw.github.com/repopikachu/repository.pika/master/addons.xml.md5</checksum>
		<datadir zip="true">http://raw.github.com/repopikachu/repository.pika/master/repo/</datadir>
	</extension>
	<extension point="xbmc.addon.metadata">
		<summary>[B][COLOR yellow] PIKACHU [COLOR lime] ENTRETENIMENTOS!!![/COLOR][/B]</summary>
		<description>[B]Atenção:[B][I][COLOR yellow] Os conteúdos disponibilizados neste ADDON, são conteúdos retransmitidos de internet e outras plataformas digitais;[/B][/I][/COLOR] [I][B][COLOR blue]Grupo Telegram:[/B][/I][/COLOR][B][I][COLOR white][tinyurl.com/grupopikachu ][/I][/B][/COLOR][B][I][COLOR yellow] | [COLOR blue]Channel Telegram:[/B][/I][/COLOR][B][I][COLOR white][t.me/addonpikachu][/B][/I][/COLOR][B][I][COLOR lime] Visite-nos No Telegram!!![/B][/I][/COLOR]</description>
		<disclaimer></disclaimer>
		<platform>all</platform>
	</extension>
</addon>